date,close,trend,funding,f,deploy_usd,forced_usd,cash_after,btc_after,value_after,phase
2020-03-08 00:00:00+00:00,8033.31,Down,Neutral,0.5,0.0,0.0,0.0,0.0,0.0,live
2020-03-15 00:00:00+00:00,5361.3,Down,Cold,0.65,0.0,0.0,0.0,0.0,0.0,live
2020-03-22 00:00:00+00:00,5816.19,Down,Cold,0.65,0.0,0.0,0.0,0.0,0.0,live
2020-03-29 00:00:00+00:00,5881.42,Down,Cold,0.65,32.5,5.0081,12.491875,0.006371015311778448,49.962491875000005,live
2020-04-05 00:00:00+00:00,6772.78,Down,Cold,0.65,8.1197,0.0,4.37215625,0.007568691750589395,55.63324036455684,live
2020-04-12 00:00:00+00:00,6903.79,Down,Neutral,0.5,2.1861,0.0,2.186078125,0.007885024090778625,56.62262859267656,live
2020-04-19 00:00:00+00:00,7120.74,Down,Cold,0.65,1.421,0.0,0.7651273437499999,0.008084375538868115,58.33186361838974,live
2020-04-26 00:00:00+00:00,7693.1,Down,Neutral,0.5,25.3826,0.0,25.382563671875,0.011380469585247743,112.93365423814443,live
2020-05-03 00:00:00+00:00,8894.16,Up,Neutral,0.85,21.5752,0.0,3.8073845507812507,0.013803812986082973,126.58070585908098,live
2020-05-10 00:00:00+00:00,8722.77,Up,Hot,0.7,2.6652,0.0,1.1422153652343754,0.014109049054024846,124.21220518221068,live
2020-05-17 00:00:00+00:00,9680.04,Up,Neutral,0.85,0.9709,0.0,0.17133230478515638,0.014209246178973583,137.7174036870966,live
2020-05-24 00:00:00+00:00,8720.34,Up,Neutral,0.85,0.1456,0.0,0.02569984571777345,0.014225929797571975,124.08064449667657,live
2020-05-31 00:00:00+00:00,9448.27,Up,Neutral,0.85,42.5218,0.0,7.503854976857667,0.018721919330469666,184.3936037293543,live
2020-06-07 00:00:00+00:00,9746.99,Up,Neutral,0.85,6.3783,0.0,1.12557824652865,0.019375649195135444,189.97983719502187,live
2020-06-14 00:00:00+00:00,9342.1,Up,Neutral,0.85,0.9567,0.0,0.16883673697929746,0.019477958608226698,182.13387385089393,live
2020-06-21 00:00:00+00:00,9294.69,Up,Neutral,0.85,0.1435,0.0,0.025325510546894636,0.0194933832985828,181.2102803220515,live
2020-06-28 00:00:00+00:00,9116.35,Up,Neutral,0.85,42.5215,0.0,7.503798826582035,0.024153033833860724,227.69130881789826,live
2020-07-05 00:00:00+00:00,9069.41,Up,Neutral,0.85,6.3782,0.0,1.1255698239873055,0.02485559891511652,226.55118718073425,live
2020-07-12 00:00:00+00:00,9302.75,Up,Neutral,0.85,0.9567,0.0,0.1688354735980958,0.02495834032126404,232.35003589723715,live
2020-07-19 00:00:00+00:00,9208.99,Up,Neutral,0.85,0.1435,0.0,0.025325321039714382,0.0249739084392016,230.00979839856285,live
2020-07-26 00:00:00+00:00,9931.54,Up,Neutral,0.85,0.0215,0.0,0.0037987981559571594,0.02497607376264196,248.05467441478513,live
2020-08-02 00:00:00+00:00,11071.35,Up,Hot,0.7,35.0027,0.0,15.00113963944679,0.028134465151185405,326.4876503910233,live
2020-08-09 00:00:00+00:00,11681.68,Up,Hot,0.7,10.5008,0.0,4.500341891834038,0.029032477847121704,343.6484577089987,live
2020-08-16 00:00:00+00:00,11911.0,Up,Hot,0.7,3.1502,0.0,1.3501025675502119,0.029296694880532798,350.30303528957637,live
2020-08-23 00:00:00+00:00,11648.13,Up,Hot,0.7,0.9451,0.0,0.4050307702650636,0.02937774881154901,342.6008680345334,live
2020-08-30 00:00:00+00:00,11711.16,Up,Neutral,0.85,42.8443,0.0,7.560754615539764,0.03303250477753108,394.4097032659706,live
2020-09-06 00:00:00+00:00,10256.2,Up,Hot,0.7,5.2925,0.0,2.2682263846619293,0.03354802082661816,346.34343758662317,live
2020-09-13 00:00:00+00:00,10332.83,Up,Neutral,0.85,1.928,0.0,0.34023395769928944,0.033734423238593936,348.91229443013987,live
2020-09-20 00:00:00+00:00,10920.28,Up,Cold,1.0,0.3402,0.0,0.0,0.03376554823939443,368.7292411276942,live
2020-09-27 00:00:00+00:00,10774.25,Up,Cold,1.0,50.0,0.0,0.0,0.03840160179300605,413.74845811829545,live
2020-10-04 00:00:00+00:00,10666.63,Up,Neutral,0.85,0.0,0.0,0.0,0.03840160179300605,409.6156777333321,live
2020-10-11 00:00:00+00:00,11369.02,Up,Neutral,0.85,0.0,0.0,0.0,0.03840160179300605,436.5885788167217,live
2020-10-18 00:00:00+00:00,11503.14,Up,Neutral,0.85,0.0,0.0,0.0,0.03840160179300605,441.7390016491996,live
2020-10-25 00:00:00+00:00,13028.83,Up,Neutral,0.85,0.0,0.0,0.0,0.03840160179300605,500.327941488771,live
2020-11-01 00:00:00+00:00,13761.5,Up,Cold,1.0,50.0,0.0,0.0,0.042031293323725814,578.4136430744528,live
2020-11-08 00:00:00+00:00,15475.1,Up,Neutral,0.85,0.0,0.0,0.0,0.042031293323725814,650.4384673139893,live
2020-11-15 00:00:00+00:00,15957.0,Up,Neutral,0.85,0.0,0.0,0.0,0.042031293323725814,670.6933475666929,live
2020-11-22 00:00:00+00:00,18414.43,Up,Hot,0.7,0.0,0.0,0.0,0.042031293323725814,773.9823087192163,live
2020-11-29 00:00:00+00:00,18184.99,Up,Hot,0.7,35.0,0.0,15.0,0.04395403290180642,814.3036487790208,live
2020-12-06 00:00:00+00:00,19359.4,Up,Neutral,0.85,12.75,0.0,2.25,0.04461196909817614,865.9109545592313,live
2020-12-13 00:00:00+00:00,19174.99,Up,Neutral,0.85,1.9125,0.0,0.33750000000000013,0.04471160865470264,857.6821488378366,live
2020-12-20 00:00:00+00:00,23455.52,Up,Hot,0.7,0.2363,0.0,0.10125000000000006,0.04472167083835919,1049.0712947825507,live
2020-12-27 00:00:00+00:00,26281.66,Up,Neutral,0.85,42.5861,0.0,7.515187500000003,0.046340422334174146,1225.4184115431713,live
2021-01-03 00:00:00+00:00,33000.05,Up,Hot,0.7,5.2606,0.0,2.254556250000001,0.04649967574799473,1536.7461809176136,live
2021-01-10 00:00:00+00:00,38150.02,Up,Hot,0.7,1.5782,0.0,0.6763668750000005,0.046541002362911976,1776.216537840139,live
2021-01-17 00:00:00+00:00,35828.61,Up,Hot,0.7,0.4735,0.0,0.20291006250000015,0.04655420363853186,1668.1753160880392,live
2021-01-24 00:00:00+00:00,32259.9,Up,Hot,0.7,0.142,0.0,0.06087301875000006,0.046558602133465396,1502.0367219841305,live
2021-01-31 00:00:00+00:00,33092.98,Up,Neutral,0.85,42.5517,0.0,7.509130952812498,0.04784314013288012,1590.781210507412,live
2021-02-07 00:00:00+00:00,38795.69,Up,Hot,0.7,5.2564,0.0,2.2527392858437496,0.0479784937063132,1863.6115077829218,live
2021-02-14 00:00:00+00:00,48577.79,Up,Hot,0.7,1.5769,0.0,0.675821785753125,0.04801092294161992,2332.940354149948,live
2021-02-21 00:00:00+00:00,57408.57,Up,Hot,0.7,0.4731,0.0,0.20274653572593754,0.0480191551998834,2756.9137791690964,live
2021-02-28 00:00:00+00:00,45135.66,Up,Neutral,0.85,42.6723,0.0,7.530411980358892,0.048963633739043166,2217.5363367903406,live
2021-03-07 00:00:00+00:00,50971.75,Up,Neutral,0.85,6.4009,0.0,1.1295617970538343,0.04908908458844743,2503.286109168249,live
2021-03-14 00:00:00+00:00,58968.31,Up,Hot,0.7,0.7907,0.0,0.33886853911615034,0.049102479962414895,2895.8291287315856,live
2021-03-21 00:00:00+00:00,57351.56,Up,Neutral,0.85,0.288,0.0,0.050830280867422584,0.049107497266564784,2816.442406214094,live
2021-03-28 00:00:00+00:00,55777.63,Up,Neutral,0.85,42.5432,0.0,7.507624542130117,0.04986946335463627,2789.1080998355906,live
2021-04-04 00:00:00+00:00,58202.01,Up,Hot,0.7,5.2553,0.0,2.252287362639035,0.049959667831119325,2910.005374066124,live
2021-04-11 00:00:00+00:00,60002.43,Up,Neutral,0.85,1.9144,0.0,0.3378431043958554,0.04999154203711373,2999.95184477837,live
2021-04-18 00:00:00+00:00,56150.01,Up,Hot,0.7,0.2365,0.0,0.10135293131875664,0.04999574958191923,2807.363191913579,live
2021-04-25 00:00:00+00:00,49066.77,Up,Neutral,0.85,0.0861,0.0,0.0152029396978135,0.04999750359673678,2453.2312124949535,live
2021-05-02 00:00:00+00:00,56578.21,Up,Cold,1.0,50.0152,0.0,0.0,0.05088062074973186,2878.7344457086865,live
2021-05-09 00:00:00+00:00,58240.84,Up,Neutral,0.85,0.0,0.0,0.0,0.05088062074973186,2963.330092185813,live
2021-05-16 00:00:00+00:00,46431.5,Down,Neutral,0.5,0.0,0.0,0.0,0.05088062074973186,2362.463542341175,live
2021-05-23 00:00:00+00:00,34655.25,Down,Cold,0.65,0.0,0.0,0.0,0.05088062074973186,1763.280632237145,live
2021-05-30 00:00:00+00:00,35641.27,Down,Cold,0.65,32.5,0.0,17.5,0.05179157313723096,1863.4174419087956,live
2021-06-06 00:00:00+00:00,35796.31,Down,Cold,0.65,11.375,0.0,6.125,0.052109025550622176,1871.435832407992,live
2021-06-13 00:00:00+00:00,39020.57,Down,Cold,0.65,3.9812,0.0,2.14375,0.05221095304040513,2039.4448978798412,live
2021-06-20 00:00:00+00:00,35600.16,Down,Cold,0.65,1.3934,0.0,0.7503124999999999,0.05225005522597115,1860.8606385534092,live
2021-06-27 00:00:00+00:00,34700.34,Down,Cold,0.65,32.9877,0.0,17.762609374999997,0.0531997495350723,1863.8120061568504,live
2021-07-04 00:00:00+00:00,35286.51,Down,Cold,0.65,11.5457,0.0,6.216913281249999,0.05352662092013294,1894.9845576457303,live
2021-07-11 00:00:00+00:00,34258.99,Down,Cold,0.65,4.041,0.0,2.1759196484374996,0.053644457220595375,1839.980843124242,live
2021-07-18 00:00:00+00:00,31778.56,Down,Cold,0.65,1.4143,0.0,0.7615718769531248,0.053688919066056995,1706.9181077527894,live
2021-07-25 00:00:00+00:00,35381.02,Down,Cold,0.65,0.495,0.0,0.26655015693359363,0.05370289624077665,1900.329796109777,live
2021-08-01 00:00:00+00:00,39845.44,Down,Cold,0.65,32.6733,0.0,17.593292554926755,0.054522076160596955,2190.049406887423,live
2021-08-08 00:00:00+00:00,43794.37,Down,Neutral,0.5,8.7966,0.0,8.796646277463378,0.05472273778973298,2405.344472454012,live
2021-08-15 00:00:00+00:00,46973.82,Up,Neutral,0.85,7.4771,0.0,1.3194969416195068,0.05488175556147282,2579.3252039702425,live
2021-08-22 00:00:00+00:00,49239.22,Up,Neutral,0.85,1.1216,0.0,0.19792454124292602,0.05490451081283497,2703.653211446803,live
2021-08-29 00:00:00+00:00,48767.83,Up,Neutral,0.85,42.6682,0.0,7.5296886811864425,0.055778561752239005,2727.7291058588808,live
2021-09-05 00:00:00+00:00,51756.88,Up,Neutral,0.85,6.4002,0.0,1.129453302177967,0.055902097698448075,2894.4476156290307,live
2021-09-12 00:00:00+00:00,46025.24,Up,Neutral,0.85,0.96,0.0,0.1694179953266951,0.05592293572713721,2574.0359563413913,live
2021-09-19 00:00:00+00:00,47241.75,Up,Neutral,0.85,0.144,0.0,0.025412699299004277,0.055925980942243166,2642.0666228775153,live
2021-09-26 00:00:00+00:00,43160.9,Up,Neutral,0.85,42.5216,0.0,7.503811904894853,0.05691018375528946,2463.798561948568,live
2021-10-03 00:00:00+00:00,48200.01,Up,Neutral,0.85,6.3782,0.0,1.1255717857342278,0.057042380032407275,2750.5688597715653,live
2021-10-10 00:00:00+00:00,54659.0,Up,Neutral,0.85,0.9567,0.0,0.1688357678601342,0.05705986625209399,3119.0040652410653,live
2021-10-17 00:00:00+00:00,61528.33,Up,Hot,0.7,0.1182,0.0,0.05065073035804027,0.05706178515436981,3510.966998097525,live
2021-10-24 00:00:00+00:00,60852.22,Up,Hot,0.7,0.0355,0.0,0.015195219107412082,0.057062367221149615,3472.3869190812925,live
2021-10-31 00:00:00+00:00,61299.8,Up,Hot,0.7,35.0106,0.0,15.004558565732225,0.05763293394431546,3547.8918827654816,live
2021-11-07 00:00:00+00:00,63273.59,Up,Hot,0.7,10.5032,0.0,4.501367569719669,0.05779876439276981,3661.6366882644356,live
2021-11-14 00:00:00+00:00,65519.1,Up,Hot,0.7,3.151,0.0,1.350410270915901,0.057846808495046934,3791.4212407387454,live
2021-11-21 00:00:00+00:00,58622.02,Up,Neutral,0.85,1.1478,0.0,0.20256154063738507,0.057866369419108374,3392.446026954997,live
2021-11-28 00:00:00+00:00,57274.88,Up,Neutral,0.85,42.6722,0.0,7.53038423109561,0.05861066613578822,3364.4492538784293,live
2021-12-05 00:00:00+00:00,49396.33,Down,Neutral,0.5,3.7652,0.0,3.765192115547805,0.058686814038343575,2902.6784250022,live
2021-12-12 00:00:00+00:00,50053.9,Down,Neutral,0.5,1.8826,0.0,1.8825960577739025,0.05872438780305953,2941.2672307133353,live
2021-12-19 00:00:00+00:00,46681.23,Down,Neutral,0.5,0.9413,0.0,0.9412980288869512,0.05874453201800113,2743.208308403562,live
2021-12-26 00:00:00+00:00,50775.49,Down,Neutral,0.5,0.4706,0.0,0.4706490144434756,0.05875379196537789,2983.723225414569,live
2022-01-02 00:00:00+00:00,47286.18,Down,Neutral,0.5,25.2353,0.0,25.235324507221737,0.05928693059452312,2828.687796247349,live
2022-01-09 00:00:00+00:00,41864.62,Down,Neutral,0.5,12.6177,0.0,12.617662253610868,0.05958802121928831,2507.2475271510525,live
2022-01-16 00:00:00+00:00,43071.66,Down,Cold,0.65,8.2015,0.0,4.416181788763804,0.05977824557990924,2579.1644508031177,live
2022-01-23 00:00:00+00:00,36244.55,Down,Cold,0.65,2.8705,0.0,1.5456636260673315,0.059857364996332776,2171.0489221039006,live
2022-01-30 00:00:00+00:00,37881.76,Down,Cold,0.65,33.5047,0.0,18.040982269123568,0.060740934732152516,2319.0144939681895,live
2022-02-06 00:00:00+00:00,42380.87,Down,Cold,0.65,11.7266,0.0,6.314343794193249,0.06101735453751412,2592.2829141924894,live
2022-02-13 00:00:00+00:00,42053.66,Down,Cold,0.65,4.1043,0.0,2.210020327967637,0.06111485423534683,2572.3133212908033,live
2022-02-20 00:00:00+00:00,38386.89,Down,Cold,0.65,1.4365,0.0,0.773507114788673,0.061152238787728276,2348.2177707130472,live
2022-02-27 00:00:00+00:00,37699.07,Down,Cold,0.65,33.0028,0.0,17.770727490176036,0.062026790251331704,2356.1230350504475,live
2022-03-06 00:00:00+00:00,38420.81,Down,Cold,0.65,11.551,0.0,6.219754621561613,0.062327133265852895,2400.878699673575,live
2022-03-13 00:00:00+00:00,37777.34,Down,Cold,0.65,4.0428,0.0,2.1769141175465645,0.06243404385467442,2360.7690163904927,live
2022-03-20 00:00:00+00:00,41262.11,Down,Neutral,0.5,1.0885,0.0,1.0884570587732822,0.06246039656910697,2578.3362109368877,live
2022-03-27 00:00:00+00:00,46827.76,Up,Neutral,0.85,43.4252,0.0,7.663268558815993,0.06338680781131581,2975.925491913238,live
2022-04-03 00:00:00+00:00,46407.35,Up,Neutral,0.85,6.5138,0.0,1.1494902838223995,0.06352702836898003,2949.270530263008,live
2022-04-10 00:00:00+00:00,42158.85,Down,Neutral,0.5,0.5747,0.0,0.5747451419111997,0.06354064758289998,2679.375375492254,live
2022-04-17 00:00:00+00:00,39678.12,Down,Cold,0.65,0.3736,0.0,0.20116079966891992,0.06355005354159712,2521.7478112295844,live
2022-04-24 00:00:00+00:00,39450.13,Down,Cold,0.65,0.1308,0.0,0.07040627988412196,0.06355336465274593,2507.2589037681155,live
2022-05-01 00:00:00+00:00,38468.35,Down,Cold,0.65,32.5458,0.0,17.524642197959444,0.06439855864515379,2494.8309356552613,live
2022-05-08 00:00:00+00:00,34038.4,Down,Neutral,0.5,8.7623,0.0,8.762321098979722,0.06465572580864798,2209.539778464063,live
2022-05-15 00:00:00+00:00,31328.89,Down,Neutral,0.5,4.3812,0.0,4.381160549489861,0.0647954300684842,2034.3500616677238,live
2022-05-22 00:00:00+00:00,30293.94,Down,Neutral,0.5,2.1906,0.0,2.1905802747449306,0.06486766859851596,1967.2878407380715,live
2022-05-29 00:00:00+00:00,29468.1,Down,Neutral,0.5,26.0953,0.0,26.095290137372466,0.06575232674910032,1963.6914300125356,live
2022-06-05 00:00:00+00:00,29919.21,Down,Neutral,0.5,13.0476,0.0,13.047645068686233,0.06618798656176307,1993.3399144872535,live
2022-06-12 00:00:00+00:00,26574.53,Down,Neutral,0.5,6.5238,0.0,6.523822534343116,0.06643323261924024,1771.9557557713213,live
2022-06-19 00:00:00+00:00,20574.0,Down,Cold,0.65,4.2405,0.0,2.2833378870200907,0.06663913541707613,1373.3169099579443,live
2022-06-26 00:00:00+00:00,21038.07,Down,Neutral,0.5,26.1417,0.0,26.141668943510044,0.06788048157071885,1454.2159918620032,live
2022-07-03 00:00:00+00:00,19315.83,Down,Cold,0.65,16.9921,0.0,9.149584130228515,0.06875929924143082,1337.2925191968352,live
2022-07-10 00:00:00+00:00,20862.47,Down,Hot,0.4,3.6598,0.0,5.489750478137109,0.06893455048533623,1443.6347419419496,live
2022-07-17 00:00:00+00:00,20798.16,Down,Neutral,0.5,2.7449,0.0,2.7448752390685547,0.06906639533910355,1439.1988161249985,live
2022-07-24 00:00:00+00:00,22579.68,Down,Hot,0.4,1.098,0.0,1.6469251434411327,0.06911497229615218,1562.2408827994227,live
2022-07-31 00:00:00+00:00,23293.32,Down,Hot,0.4,20.6588,0.0,30.988155086064676,0.0700009821602385,1661.5434328587914,live
2022-08-07 00:00:00+00:00,23174.39,Down,Neutral,0.5,15.4941,0.0,15.494077543032338,0.07066889978247104,1653.2027219729314,live
2022-08-14 00:00:00+00:00,24305.24,Down,Neutral,0.5,7.747,0.0,7.747038771516169,0.07098732049062881,1733.1109002531673,live
2022-08-21 00:00:00+00:00,21515.61,Down,Neutral,0.5,3.8735,0.0,3.8735193857580845,0.07116717343769247,1535.0786678735085,live
2022-08-28 00:00:00+00:00,19555.61,Down,Cold,0.65,35.0178,0.0,18.85573178501533,0.07295606009544142,1445.5559901480306,live
2022-09-04 00:00:00+00:00,20000.3,Down,Cold,0.65,12.2562,0.0,6.599506124755365,0.07356824938433207,1477.9865642862121,live
2022-09-11 00:00:00+00:00,21826.87,Down,Neutral,0.5,3.2998,0.0,3.2997530623776825,0.07371927668734507,1612.3608218110892,live
2022-09-18 00:00:00+00:00,19416.18,Down,Neutral,0.5,1.6499,0.0,1.6498765311888413,0.07380416602472542,1434.644848817142,live
2022-09-25 00:00:00+00:00,18807.38,Down,Neutral,0.5,0.8249,0.0,0.8249382655944206,0.07384798463887204,1389.7120476030238,live
2022-10-02 00:00:00+00:00,19056.8,Down,Neutral,0.5,25.4125,0.0,25.41246913279721,0.07518016300374256,1458.1057994625182,live
2022-10-09 00:00:00+00:00,19439.02,Down,Hot,0.4,10.165,0.0,15.247481479678324,0.07570255675947025,1486.8309963781558,live
2022-10-16 00:00:00+00:00,19262.98,Down,Hot,0.4,6.099,0.0,9.148488887806995,0.0760188574356522,1473.4982192936266,live
2022-10-23 00:00:00+00:00,19570.4,Down,Neutral,0.5,4.5742,0.0,4.574244443903497,0.07625235650564871,1496.8633622020511,live
2022-10-30 00:00:00+00:00,20627.48,Down,Neutral,0.5,27.2871,0.0,27.287122221951748,0.07757388657620168,1627.4409160948203,live
2022-11-06 00:00:00+00:00,20905.58,Up,Neutral,0.85,23.1941,0.0,4.093068333292763,0.07868224424122558,1648.9910198977736,live
2022-11-13 00:00:00+00:00,16329.85,Down,Cold,0.65,2.6605,0.0,1.432573916652467,0.07884500347797446,1288.9596539614538,live
2022-11-20 00:00:00+00:00,16280.23,Down,Cold,0.65,0.9312,0.0,0.5014008708283634,0.07890214283489867,1285.0464337158307,live
2022-11-27 00:00:00+00:00,16428.78,Down,Neutral,0.5,25.2507,0.0,25.25070043541418,0.080437585499234,1346.7420963335196,live
2022-12-04 00:00:00+00:00,17105.7,Down,Neutral,0.5,12.6254,0.0,12.62535021770709,0.0811749259686383,1401.1792813594434,live
2022-12-11 00:00:00+00:00,17085.05,Down,Neutral,0.5,6.3127,0.0,6.312675108853545,0.08154404179994958,1399.4967064630819,live
2022-12-18 00:00:00+00:00,16738.21,Down,Neutral,0.5,3.1563,0.0,3.1563375544267727,0.08173242402342941,1371.210814667633,live
2022-12-25 00:00:00+00:00,16832.11,Down,Neutral,0.5,1.5782,0.0,1.5781687772133863,0.08182608967844451,1378.8839111146563,live
2023-01-01 00:00:00+00:00,16616.75,Down,Hot,0.4,20.6313,0.0,30.94690126632803,0.08306644271037762,1411.2412131739954,live
2023-01-08 00:00:00+00:00,17127.83,Down,Neutral,0.5,15.4735,0.0,15.473450633164015,0.08396894916814436,1453.6793372637821,live
2023-01-15 00:00:00+00:00,20871.5,Up,Hot,0.7,10.8314,0.0,4.642035189949205,0.08448738742259525,1768.020541780646,live
2023-01-22 00:00:00+00:00,22707.88,Up,Hot,0.7,3.2494,0.0,1.3926105569847618,0.08463034111128531,1923.1682408711183,live
2023-01-29 00:00:00+00:00,23742.3,Up,Hot,0.7,35.9748,0.0,15.417783167095429,0.0861440467153127,2060.675583496064,live
2023-02-05 00:00:00+00:00,22932.91,Up,Hot,0.7,10.7924,0.0,4.625334950128629,0.08661418573250458,1990.9406610769404,live
2023-02-12 00:00:00+00:00,21783.54,Up,Hot,0.7,3.2377,0.0,1.3876004850385888,0.08676266925403621,1891.3856766871065,live
2023-02-19 00:00:00+00:00,24271.76,Up,Hot,0.7,0.9713,0.0,0.41628014551157666,0.08680264777307181,2107.269314258045,live
2023-02-26 00:00:00+00:00,23554.85,Up,Neutral,0.85,42.8538,0.0,7.56244202182674,0.08862014965848229,2094.9967742049284,live
2023-03-05 00:00:00+00:00,22430.24,Up,Neutral,0.85,6.4281,0.0,1.1343663032740112,0.08890644385965152,1995.327239621784,live
2023-03-12 00:00:00+00:00,21997.11,Up,Neutral,0.85,0.9642,0.0,0.17015494549110166,0.08895023357322868,1956.8182273814953,live
2023-03-19 00:00:00+00:00,27972.87,Up,Hot,0.7,0.1191,0.0,0.05104648364733051,0.08895448731456383,2488.3633560505905,live
2023-03-26 00:00:00+00:00,27968.05,Up,Neutral,0.85,0.0434,0.0,0.007656972547099579,0.08895603715881786,2487.934552032223,live
2023-04-02 00:00:00+00:00,28171.87,Up,Neutral,0.85,42.5065,0.0,7.501148545882067,0.09046335640735331,2556.0230650175067,live
2023-04-09 00:00:00+00:00,28323.76,Up,Cold,1.0,7.5011,0.0,0.0,0.09072792747409503,2569.7560430736735,live
2023-04-16 00:00:00+00:00,30304.65,Up,Neutral,0.85,0.0,0.0,0.0,0.09072792747409503,2749.478087327834,live
2023-04-23 00:00:00+00:00,27590.6,Up,Neutral,0.85,0.0,0.0,0.0,0.09072792747409503,2503.237955766766,live
2023-04-30 00:00:00+00:00,29233.21,Up,Neutral,0.85,42.5,0.0,7.5,0.0921802996220733,2702.226056714989,live
2023-05-07 00:00:00+00:00,28430.1,Up,Neutral,0.85,6.375,0.0,1.125,0.09240430956224235,2628.188761285506,live
2023-05-14 00:00:00+00:00,26917.62,Up,Neutral,0.85,0.9562,0.0,0.16875000000000007,0.09243979909474931,2488.4281349088055,live
2023-05-21 00:00:00+00:00,26747.78,Up,Neutral,0.85,0.1434,0.0,0.025312500000000016,0.09244515632673267,2472.7280159930533,live
2023-05-28 00:00:00+00:00,28065.0,Up,Neutral,0.85,42.5215,0.0,7.503796874999999,0.09395874956063166,2644.4561032941274,live
2023-06-04 00:00:00+00:00,27115.21,Up,Neutral,0.85,6.3782,0.0,1.12556953125,0.09419374125409102,2555.2086443215917,live
2023-06-11 00:00:00+00:00,25925.55,Down,Neutral,0.5,0.5628,0.0,0.562784765625,0.09421542727351431,2443.149555316484,live
2023-06-18 00:00:00+00:00,26339.97,Up,Neutral,0.85,0.4784,0.0,0.08441771484374999,0.09423357037252811,2482.193834320123,live
2023-06-25 00:00:00+00:00,30462.66,Up,Neutral,0.85,0.0718,0.0,0.012662657226562499,0.09423592352561978,2870.689560804183,live
2023-07-02 00:00:00+00:00,30617.03,Up,Hot,0.7,35.0089,0.0,15.003798797167974,0.09537822423199785,2935.2017514549734,live
2023-07-09 00:00:00+00:00,30160.71,Up,Neutral,0.85,12.7532,0.0,2.2505698195751958,0.0958006438550311,2891.66600694445,live
2023-07-16 00:00:00+00:00,30231.99,Up,Cold,1.0,2.2506,0.0,0.0,0.09587501273547053,2898.4924262686177,live
2023-07-23 00:00:00+00:00,30083.75,Up,Neutral,0.85,0.0,0.0,0.0,0.09587501273547053,2884.2799143807115,live
2023-07-30 00:00:00+00:00,29281.09,Up,Neutral,0.85,42.5,0.0,7.5,0.09732500998625593,2857.282376658459,live
2023-08-06 00:00:00+00:00,29088.42,Up,Hot,0.7,5.25,0.0,2.25,0.09750531369474198,2838.5255169844063,live
2023-08-13 00:00:00+00:00,29303.84,Up,Hot,0.7,1.575,0.0,0.675,0.09755900716972683,2859.528536660528,live
2023-08-20 00:00:00+00:00,26189.99,Down,Neutral,0.5,0.3375,0.0,0.3375,0.09757188088598255,2555.7440846850745,live
2023-08-27 00:00:00+00:00,26101.77,Down,Cold,0.65,32.7194,0.0,17.618125,0.09882415824590872,2597.103573978313,live
2023-09-03 00:00:00+00:00,25971.21,Down,Cold,0.65,11.4518,0.0,6.166343749999999,0.09926465868731095,2584.189640096477,live
2023-09-10 00:00:00+00:00,25841.61,Down,Cold,0.65,4.0081,0.0,2.1582203124999992,0.09941960705601022,2571.3209322071643,live
2023-09-17 00:00:00+00:00,26527.51,Down,Cold,0.65,1.4028,0.0,0.7553771093749997,0.09947243675468612,2639.5114378436783,live
2023-09-24 00:00:00+00:00,26248.38,Down,Cold,0.65,0.491,0.0,0.26438198828124987,0.09949112377940812,2611.7452055772224,live
2023-10-01 00:00:00+00:00,27992.57,Up,Cold,1.0,50.2644,0.0,0.0,0.10128496113004413,2835.2263643800397,live
2023-10-08 00:00:00+00:00,27917.05,Down,Cold,0.65,0.0,0.0,0.0,0.10128496113004413,2827.5773241154984,live
2023-10-15 00:00:00+00:00,27154.15,Down,Neutral,0.5,0.0,0.0,0.0,0.10128496113004413,2750.307027269388,live
2023-10-22 00:00:00+00:00,29992.46,Up,Cold,1.0,0.0,0.0,0.0,0.10128496113004413,3037.7851452944033,live
2023-10-29 00:00:00+00:00,34525.89,Up,Hot,0.7,35.0,0.0,15.0,0.10229767941189002,3546.9184266301795,live
2023-11-05 00:00:00+00:00,35011.88,Up,Hot,0.7,10.5,0.0,4.5,0.10259727771966441,3596.6235758475636,live
2023-11-12 00:00:00+00:00,37064.13,Up,Hot,0.7,3.15,0.0,1.35,0.10268218056238593,3807.175689047745,live
2023-11-19 00:00:00+00:00,37359.86,Up,Hot,0.7,0.945,0.0,0.40500000000000014,0.10270744979519354,3837.5409453054594,live
2023-11-26 00:00:00+00:00,37447.43,Up,Hot,0.7,35.2835,0.0,15.121500000000005,0.10364872177300351,3896.499753184025,live
2023-12-03 00:00:00+00:00,39972.26,Up,Hot,0.7,10.5851,0.0,4.536450000000002,0.10391326685877049,4158.184570328157,live
2023-12-10 00:00:00+00:00,43789.51,Up,Hot,0.7,3.1755,0.0,1.360935000000001,0.103985712051352,4554.844312729799,live
2023-12-17 00:00:00+00:00,41374.65,Up,Hot,0.7,0.9527,0.0,0.4082805000000004,0.10400871410322435,4303.732423470971,live
2023-12-24 00:00:00+00:00,42991.5,Up,Hot,0.7,0.2858,0.0,0.12248415000000012,0.10401535519631601,4471.89862707242,live
2023-12-31 00:00:00+00:00,42283.58,Up,Hot,0.7,35.0857,0.0,15.036745244999999,0.10484429761713504,4448.2289910829395,live
2024-01-07 00:00:00+00:00,43929.02,Up,Hot,0.7,10.5257,0.0,4.511023573500001,0.10508366548716329,4620.733466432405,live
2024-01-14 00:00:00+00:00,41732.35,Up,Neutral,0.85,3.8344,0.0,0.6766535360250003,0.10517545364832454,4389.895496596681,live
2024-01-21 00:00:00+00:00,41580.33,Up,Neutral,0.85,0.5752,0.0,0.10149803040375005,0.10518927220989237,4373.906148977558,live
2024-01-28 00:00:00+00:00,42031.06,Up,Neutral,0.85,42.5863,0.0,7.515224704560566,0.10620146859638649,4471.275523367397,live
2024-02-04 00:00:00+00:00,42582.88,Up,Neutral,0.85,6.3879,0.0,1.1272837056840848,0.10635133053756748,4529.873229827255,live
2024-02-11 00:00:00+00:00,48299.99,Up,Neutral,0.85,0.9582,0.0,0.16909255585261274,0.10637114902942807,5137.894526965738,live
2024-02-18 00:00:00+00:00,52137.67,Up,Neutral,0.85,0.1437,0.0,0.025363883377891916,0.10637390298724403,5546.112814444322,live
2024-02-25 00:00:00+00:00,51728.85,Up,Hot,0.7,35.0178,0.0,15.00760916501337,0.10705017429355852,5552.590017670358,live
2024-03-03 00:00:00+00:00,63113.97,Up,Hot,0.7,10.5053,0.0,4.502282749504012,0.10721645794025503,6771.358592697022,live
2024-03-10 00:00:00+00:00,68955.88,Up,Hot,0.7,3.1516,0.0,1.3506848248512036,0.10726211679236058,7397.704338904852,live
2024-03-17 00:00:00+00:00,68393.48,Up,Hot,0.7,0.9455,0.0,0.40520544745536113,0.10727592708389741,7337.379178941451,live
2024-03-24 00:00:00+00:00,67209.99,Up,Hot,0.7,0.2836,0.0,0.12156163423660837,0.10728014312632511,7210.418908353117,live
2024-03-31 00:00:00+00:00,71280.01,Up,Hot,0.7,35.0851,0.0,15.036468490270984,0.10777186595367631,7697.016151386977,live
2024-04-07 00:00:00+00:00,69360.39,Up,Neutral,0.85,12.781,0.0,2.2554702735406487,0.10795595109533301,7490.122341066765,live
2024-04-14 00:00:00+00:00,65661.84,Up,Neutral,0.85,1.9171,0.0,0.33832054103109743,0.10798511921768196,7090.839940993389,live
2024-04-21 00:00:00+00:00,64941.15,Up,Cold,1.0,0.3383,0.0,0.0,0.10799032365616958,7013.015807103857,live
2024-04-28 00:00:00+00:00,63118.62,Up,Cold,1.0,50.0,0.0,0.0,0.10878169076780794,6866.150202530778,live
2024-05-05 00:00:00+00:00,64012.0,Up,Cold,1.0,0.0,0.0,0.0,0.10878169076780794,6963.333589428922,live
2024-05-12 00:00:00+00:00,61483.99,Up,Cold,1.0,0.0,0.0,0.0,0.10878169076780794,6688.332387350995,live
2024-05-19 00:00:00+00:00,66274.01,Up,Cold,1.0,0.0,0.0,0.0,0.10878169076780794,7209.398861762611,live
2024-05-26 00:00:00+00:00,68507.67,Up,Neutral,0.85,0.0,0.0,0.0,0.10878169076780794,7452.380173163033,live
2024-06-02 00:00:00+00:00,67765.63,Up,Neutral,0.85,42.5,0.0,7.5,0.10940822519241228,7421.617307345689,live
2024-06-09 00:00:00+00:00,69648.14,Up,Neutral,0.85,6.375,0.0,1.125,0.10949966517918006,7627.573010352658,live
2024-06-16 00:00:00+00:00,66676.87,Up,Neutral,0.85,0.9562,0.0,0.16875000000000007,0.10951399239265003,7302.218983945714,live
2024-06-23 00:00:00+00:00,63210.01,Down,Cold,0.65,0.1097,0.0,0.05906250000000002,0.10951572594422675,6922.549194591833,live
2024-06-30 00:00:00+00:00,62772.01,Down,Neutral,0.5,25.0295,0.0,25.02953125,0.10991406433929726,6924.556277097012,live
2024-07-07 00:00:00+00:00,55857.81,Down,Neutral,0.5,12.5148,0.0,12.514765625,0.11013788712897296,6164.575938676617,live
2024-07-14 00:00:00+00:00,60797.91,Down,Neutral,0.5,6.2574,0.0,6.2573828125,0.11024070522633334,6708.661857499644,live
2024-07-21 00:00:00+00:00,68165.34,Up,Cold,1.0,6.2574,0.0,0.0,0.11033241056264777,7520.846279022476,live
2024-07-28 00:00:00+00:00,68249.88,Up,Neutral,0.85,42.5,0.0,7.5,0.11095449956851855,7580.131281011443,live
2024-08-04 00:00:00+00:00,58161.0,Down,Neutral,0.5,3.75,0.0,3.75,0.11101891128771182,6460.720899404608,live
2024-08-11 00:00:00+00:00,58712.59,Down,Cold,0.65,2.4375,0.0,1.3125,0.11106038556946297,6521.955383181796,live
2024-08-18 00:00:00+00:00,58427.35,Down,Cold,0.65,0.8531,0.0,0.459375,0.11107497243460404,6490.2756656769625,live
2024-08-25 00:00:00+00:00,64220.0,Up,Cold,1.0,0.4594,0.0,0.0,0.11108211842689616,7133.693645375271,live
2024-09-01 00:00:00+00:00,57301.86,Down,Cold,0.65,32.5,0.0,17.5,0.11164872307114332,6415.179498601425,live
2024-09-08 00:00:00+00:00,54869.95,Down,Cold,0.65,11.375,0.0,6.125,0.11185582413465804,6143.64847747748,live
2024-09-15 00:00:00+00:00,59132.0,Down,Cold,0.65,3.9812,0.0,2.14375,0.11192308498749576,6620.379611480599,live
2024-09-22 00:00:00+00:00,63578.76,Up,Neutral,0.85,1.8222,0.0,0.3215625,0.11195171664549758,7118.072886692096,live
2024-09-29 00:00:00+00:00,65602.01,Up,Neutral,0.85,42.7733,0.0,7.548234375,0.11260307709614345,7394.536424066973,live
2024-10-06 00:00:00+00:00,62819.91,Up,Neutral,0.85,6.416,0.0,1.1322351562500002,0.11270510817545464,7081.256987278575,live
2024-10-13 00:00:00+00:00,62870.02,Up,Neutral,0.85,0.9624,0.0,0.16983527343750005,0.1127204006389043,7086.903677849364,live
2024-10-20 00:00:00+00:00,69031.99,Up,Hot,0.7,0.1189,0.0,0.050950582031250025,0.11272212108484125,7781.483286089582,live
2024-10-27 00:00:00+00:00,68021.7,Up,Hot,0.7,35.0357,0.0,15.015285174609375,0.11323667202582059,7717.56621871337,live
2024-11-03 00:00:00+00:00,68775.99,Up,Hot,0.7,10.5107,0.0,4.504585552382814,0.11338934433083,7802.968997356104,live
2024-11-10 00:00:00+00:00,80370.01,Up,Hot,0.7,3.1532,0.0,1.3513756657148441,0.11342853876015484,9117.604170104747,live
2024-11-17 00:00:00+00:00,89855.99,Up,Hot,0.7,0.946,0.0,0.40541269971445326,0.11343905577747371,10193.584074249835,live
2024-11-24 00:00:00+00:00,97900.04,Up,Hot,0.7,0.2838,0.0,0.12162380991433602,0.1134419516404469,11106.093227087731,live
2024-12-01 00:00:00+00:00,97185.18,Up,Hot,0.7,35.0851,0.0,15.036487142974302,0.11380260386674594,11074.963028401373,live
2024-12-08 00:00:00+00:00,101109.59,Up,Hot,0.7,10.5255,0.0,4.510946142892291,0.11390660008964708,11521.560579501072,live
2024-12-15 00:00:00+00:00,104463.99,Up,Hot,0.7,3.1577,0.0,1.3532838428676874,0.1139367971426002,11903.645721179484,live
2024-12-22 00:00:00+00:00,95186.27,Up,Neutral,0.85,1.1503,0.0,0.20299257643015323,0.1139488696922985,10846.570869302373,live
2024-12-29 00:00:00+00:00,93738.2,Up,Neutral,0.85,42.6725,0.0,7.5304488864645265,0.11440364555898119,10731.522257023355,live
2025-01-05 00:00:00+00:00,98363.61,Up,Neutral,0.85,6.4009,0.0,1.1295673329696791,0.11446865415994593,11260.67962234677,live
2025-01-12 00:00:00+00:00,94545.06,Up,Neutral,0.85,0.9601,0.0,0.16943509994545192,0.11447879929180994,10823.574382872075,live
2025-01-19 00:00:00+00:00,101331.57,Up,Neutral,0.85,0.144,0.0,0.025415264991817788,0.11448021914364012,11600.485755034102,live
2025-01-26 00:00:00+00:00,102620.0,Up,Neutral,0.85,0.0216,0.0,0.003812289748772669,0.11448042944740418,11747.985482182366,live
2025-02-02 00:00:00+00:00,97700.59,Up,Neutral,0.85,42.5032,0.0,7.500571843462318,0.11491503006963011,11234.766809514065,live
2025-02-09 00:00:00+00:00,96462.75,Up,Neutral,0.85,6.3755,0.0,1.1250857765193478,0.11498105670251042,11092.514013206606,live
2025-02-16 00:00:00+00:00,96118.12,Up,Neutral,0.85,0.9563,0.0,0.16876286647790217,0.11499099620805976,11052.88713531231,live
2025-02-23 00:00:00+00:00,96258.0,Up,Neutral,0.85,0.1434,0.0,0.025314429971685343,0.11499248496731167,11068.971932413458,live
2025-03-02 00:00:00+00:00,94270.0,Up,Cold,1.0,50.0253,0.0,0.0,0.11552261426735984,10890.316846984011,live
2025-03-09 00:00:00+00:00,80734.37,Down,Cold,0.65,0.0,0.0,0.0,0.11552261426735984,9326.645483628308,live
2025-03-16 00:00:00+00:00,82574.53,Down,Cold,0.65,0.0,0.0,0.0,0.11552261426735984,9539.225577498533,live
2025-03-23 00:00:00+00:00,86082.5,Down,Cold,0.65,0.0,0.0,0.0,0.11552261426735984,9944.475442670004,live
2025-03-30 00:00:00+00:00,82389.99,Down,Cold,0.65,32.5,0.0,17.5,0.11591668519757842,9567.874534261635,live
2025-04-06 00:00:00+00:00,78430.0,Down,Neutral,0.5,8.75,0.0,8.75,0.11602813808550395,9108.836870046076,live
2025-04-13 00:00:00+00:00,83760.0,Down,Neutral,0.5,4.375,0.0,4.375,0.11608031842218017,9727.262471041811,live
2025-04-20 00:00:00+00:00,85179.24,Down,Neutral,0.5,2.1875,0.0,2.1875,0.11610597388118638,9892.006114659307,live
2025-04-27 00:00:00+00:00,93749.3,Up,Cold,1.0,52.1875,0.0,0.0,0.11666208803350538,10936.989089679506,live
2025-05-04 00:00:00+00:00,94277.62,Up,Cold,1.0,0.0,0.0,0.0,0.11666208803350538,10998.624004029367,live
2025-05-11 00:00:00+00:00,104118.0,Up,Neutral,0.85,0.0,0.0,0.0,0.11666208803350538,12146.623281872513,live
2025-05-18 00:00:00+00:00,106454.26,Up,Neutral,0.85,0.0,0.0,0.0,0.11666208803350538,12419.176251661669,live
2025-05-25 00:00:00+00:00,109004.19,Up,Neutral,0.85,0.0,0.0,0.0,0.11666208803350538,12716.656409800946,live
2025-06-01 00:00:00+00:00,105642.93,Up,Neutral,0.85,42.5,0.0,7.5,0.11706398430805967,12374.482299777446,live
2025-06-08 00:00:00+00:00,105734.0,Up,Cold,1.0,7.5,0.0,0.0,0.11713484609329432,12385.13581682838,live
2025-06-15 00:00:00+00:00,105594.01,Up,Neutral,0.85,0.0,0.0,0.0,0.11713484609329432,12368.738109723781,live
2025-06-22 00:00:00+00:00,100963.87,Up,Neutral,0.85,0.0,0.0,0.0,0.11713484609329432,11826.387373433376,live
2025-06-29 00:00:00+00:00,108356.93,Up,Cold,1.0,50.0,0.0,0.0,0.11759582260859426,12742.322318691866,live
2025-07-06 00:00:00+00:00,109203.84,Up,Neutral,0.85,0.0,0.0,0.0,0.11759582260859426,12841.91539681731,live
2025-07-13 00:00:00+00:00,119086.64,Up,Neutral,0.85,0.0,0.0,0.0,0.11759582260859426,14004.091392493525,live
2025-07-20 00:00:00+00:00,117265.12,Up,Hot,0.7,0.0,0.0,0.0,0.11759582260859426,13789.88824969552,live
2025-07-27 00:00:00+00:00,119415.55,Up,Hot,0.7,35.0,0.0,15.0,0.11788862367177239,14092.734834507719,live
2025-08-03 00:00:00+00:00,114208.8,Up,Hot,0.7,10.5,0.0,4.5,0.11798046860841474,13478.907743204718,live
2025-08-10 00:00:00+00:00,119294.01,Up,Hot,0.7,3.15,0.0,1.35,0.11800684755233656,14078.860051976913,live
2025-08-17 00:00:00+00:00,117405.01,Up,Hot,0.7,0.945,0.0,0.40500000000000014,0.11801488856353362,13855.94417195055,live
2025-08-24 00:00:00+00:00,113493.59,Up,Neutral,0.85,0.3443,0.0,0.060750000000000026,0.11801791874127318,13394.338032275375,live
2025-08-31 00:00:00+00:00,108246.35,Up,Hot,0.7,35.0425,0.0,15.018225000000001,0.11834132440321929,12825.034645814418,live
2025-09-07 00:00:00+00:00,111137.34,Up,Neutral,0.85,12.7655,0.0,2.252733750000001,0.11845607184776628,13167.14546575963,live
2025-09-14 00:00:00+00:00,115268.01,Up,Neutral,0.85,1.9148,0.0,0.3379100625000002,0.11847266716214547,13656.446493235355,live
2025-09-21 00:00:00+00:00,115232.29,Up,Neutral,0.85,0.2872,0.0,0.05068650937500002,0.11847515723094104,13652.21436234077,live
2025-09-28 00:00:00+00:00,112163.95,Up,Neutral,0.85,42.5431,0.0,7.507602976406254,0.11885407167225161,13338.649755319251,live
2025-10-05 00:00:00+00:00,123482.31,Up,Neutral,0.85,6.3815,0.0,1.126140446460938,0.11890569915692868,14683.876544509067,live
2025-10-12 00:00:00+00:00,114958.8,Up,Neutral,0.85,0.9572,0.0,0.16892106696914067,0.11891401746018265,13670.381671468615,live
2025-10-19 00:00:00+00:00,108642.78,Down,Cold,0.65,0.1098,0.0,0.059122373439199224,0.1189150270891229,12919.318249111058,live
2025-10-26 00:00:00+00:00,114559.4,Up,Cold,1.0,0.0591,0.0,0.0,0.11891554265791136,13622.89321756473,live
2025-11-02 00:00:00+00:00,110540.68,Down,Neutral,0.5,25.0,0.0,25.0,0.11914147758069273,13194.979947974529,live
2025-11-09 00:00:00+00:00,104722.96,Down,Neutral,0.5,12.5,0.0,12.5,0.11926072077244361,12501.835691023782,live
2025-11-16 00:00:00+00:00,94261.44,Down,Neutral,0.5,6.25,0.0,6.25,0.11932695941679278,11254.181025448448,live
2025-11-23 00:00:00+00:00,86830.0,Down,Hot,0.4,2.5,0.0,3.75,0.11935572251710373,10367.407386160117,live
2025-11-30 00:00:00+00:00,90360.0,Down,Cold,0.65,34.9375,0.0,18.8125,0.11974198372228302,10838.698149145494,live
2025-12-07 00:00:00+00:00,90395.31,Down,Cold,0.65,12.2281,0.0,6.584375,0.11987712233594561,10842.914010465727,live
2025-12-14 00:00:00+00:00,88172.17,Down,Neutral,0.5,3.2922,0.0,3.2921875,0.1199144231680846,10576.407092528292,live
2025-12-21 00:00:00+00:00,88658.86,Down,Neutral,0.5,1.6461,0.0,1.64609375,0.11993297120328661,10634.766597046219,live
2025-12-28 00:00:00+00:00,87952.71,Down,Neutral,0.5,25.823,0.0,25.823046875,0.12022627909372142,10600.050106384146,live
2026-01-04 00:00:00+00:00,91529.73,Down,Neutral,0.5,12.9115,0.0,12.9115234375,0.12036720174163115,11030.088999704529,live
2026-01-11 00:00:00+00:00,91013.65,Down,Neutral,0.5,6.4558,0.0,6.45576171875,0.12043806260653472,10967.963438467988,live
2026-01-18 00:00:00+00:00,93673.14,Down,Cold,0.65,4.1962,0.0,2.2595166015625,0.1204828144838826,11288.263065344323,live
2026-01-25 00:00:00+00:00,86670.36,Down,Neutral,0.5,1.1298,0.0,1.12975830078125,0.12049583656597018,10444.54729197458,live
2026-02-01 00:00:00+00:00,76968.21,Down,Neutral,0.5,25.5649,0.0,25.564879150390624,0.12082765296486059,9325.453046356903,live
2026-02-08 00:00:00+00:00,70330.38,Down,Cold,0.65,16.6172,0.0,8.947707702636716,0.12106368971421849,8523.403009505715,live
2026-02-15 00:00:00+00:00,68832.58,Down,Cold,0.65,5.816,0.0,3.131697695922851,0.12114810023604852,8342.067999041752,live
2026-02-22 00:00:00+00:00,67643.4,Down,Cold,0.65,2.0356,0.0,1.0960941935729975,0.12117816330057289,8197.999065599546,live
2026-03-01 00:00:00+00:00,65776.47,Down,Cold,0.65,33.2125,0.0,17.88363296775055,0.12168258758428098,8021.734704727581,live
2026-03-08 00:00:00+00:00,65971.2,Down,Cold,0.65,11.6244,0.0,6.259271538712692,0.12185861495785624,8045.418330646438,live
2026-03-15 00:00:00+00:00,72815.24,Down,Cold,0.65,4.0685,0.0,2.1907450385494425,0.12191443373938692,8879.419497236106,live
2026-03-22 00:00:00+00:00,67859.0,Down,Cold,0.65,1.424,0.0,0.7667607634923048,0.12193539721204025,8275.18088017533,live
2026-03-29 00:00:00+00:00,66010.93,Down,Cold,0.65,32.9984,0.0,17.768366267222305,0.12243479020804521,8099.80273225518,live
2026-04-05 00:00:00+00:00,69034.18,Down,Neutral,0.5,8.8842,0.0,8.884183133611153,0.12256335404338703,8469.944827568517,live
2026-04-12 00:00:00+00:00,70740.98,Down,Neutral,0.5,4.4421,0.0,4.442091566805576,0.12262608500181083,8679.131518158205,live
2026-04-19 00:00:00+00:00,73801.79,Down,Cold,0.65,2.8874,0.0,1.5547320483819518,0.12266516904244053,9054.463778033078,live
2026-04-26 00:00:00+00:00,78657.55,Up,Cold,1.0,51.5547,0.0,0.0,0.12331994633103309,9700.044844530552,live
