date,close,trend,funding,natural,final,patience_fire,cash_after,btc_after,value_after
2024-01-07 00:00:00+00:00,43929.02,Up,Hot,Hold,Hold,False,50.0,0.0,50.0
2024-01-14 00:00:00+00:00,41732.35,Up,Neutral,Buy50,Buy50,False,25.0,0.0005984565930267527,49.97500000000001
2024-01-21 00:00:00+00:00,41580.33,Up,Neutral,Buy50,Buy50,False,12.5,0.0008987788848411756,49.87152262872808
2024-01-28 00:00:00+00:00,42031.06,Up,Neutral,Buy50,Buy50,False,6.25,0.001047329742230925,50.27037923549254
2024-02-04 00:00:00+00:00,42582.88,Up,Neutral,Buy50,Buy50,False,28.125,0.0017071459641492173,100.82019173385042
2024-02-11 00:00:00+00:00,48299.99,Up,Neutral,Buy50,Buy50,False,14.0625,0.001998003943622919,110.56607049694755
2024-02-18 00:00:00+00:00,52137.67,Up,Neutral,Buy50,Buy50,False,7.03125,0.0021327283904576163,118.22673902131034
2024-02-25 00:00:00+00:00,51728.85,Up,Hot,Hold,Hold,False,7.03125,0.0021327283904576163,117.35483700072346
2024-03-03 00:00:00+00:00,63113.97,Up,Hot,Hold,Hold,False,57.03125,0.0021327283904576163,191.6362056534903
2024-03-10 00:00:00+00:00,68955.88,Up,Hot,Hold,Hold,False,57.03125,0.0021327283904576163,204.09541296498855
2024-03-17 00:00:00+00:00,68393.48,Up,Hot,Hold,Hold,False,57.03125,0.0021327283904576163,202.89596651819517
2024-03-24 00:00:00+00:00,67209.99,Up,Hot,Hold,Buy50,True,28.515625,0.0025565806983511305,200.34338817037252
2024-03-31 00:00:00+00:00,71280.01,Up,Hot,Hold,Hold,False,28.515625,0.0025565806983511305,210.74872274427557
2024-04-07 00:00:00+00:00,69360.39,Up,Neutral,Buy50,Buy50,False,39.2578125,0.003122012275184825,255.80180149160677
2024-04-14 00:00:00+00:00,65661.84,Up,Neutral,Buy50,Buy50,False,19.62890625,0.003420652662718132,244.23525408497193
2024-04-21 00:00:00+00:00,64941.15,Up,Cold,Buy100,Buy100,False,0.0,0.0037226072376486652,241.75039501122762
2024-04-28 00:00:00+00:00,63118.62,Up,Cold,Buy100,Buy100,False,0.0,0.0037226072376486652,234.9658316423958
2024-05-05 00:00:00+00:00,64012.0,Up,Cold,Buy100,Buy100,False,0.0,0.004502929677191251,288.24153449636634
2024-05-12 00:00:00+00:00,61483.99,Up,Cold,Buy100,Buy100,False,0.0,0.004502929677191251,276.8580832431301
2024-05-19 00:00:00+00:00,66274.01,Up,Cold,Buy100,Buy100,False,0.0,0.004502929677191251,298.42720645546973
2024-05-26 00:00:00+00:00,68507.67,Up,Neutral,Buy50,Buy50,False,0.0,0.004502929677191251,308.48522035822475
2024-06-02 00:00:00+00:00,67765.63,Up,Neutral,Buy50,Buy50,False,25.0,0.004871479338723211,355.1188664205618
2024-06-09 00:00:00+00:00,69648.14,Up,Neutral,Buy50,Buy50,False,12.5,0.005050773430424726,364.27697499050157
2024-06-16 00:00:00+00:00,66676.87,Up,Neutral,Buy50,Buy50,False,6.25,0.00514441534852916,349.26351341988345
2024-06-23 00:00:00+00:00,63210.01,Down,Cold,Buy50,Buy50,False,3.125,0.005193804282338853,331.4254206246817
2024-06-30 00:00:00+00:00,62772.01,Down,Neutral,Hold,Hold,False,3.125,0.005193804282338853,329.1505343490173
2024-07-07 00:00:00+00:00,55857.81,Down,Neutral,Hold,Hold,False,53.125,0.005193804282338853,343.23953278006996
2024-07-14 00:00:00+00:00,60797.91,Down,Neutral,Hold,Hold,False,53.125,0.005193804282338853,368.8974453152522
2024-07-21 00:00:00+00:00,68165.34,Up,Cold,Buy100,Buy100,False,0.0,0.005972379948505852,407.10930979908386
2024-07-28 00:00:00+00:00,68249.88,Up,Neutral,Buy50,Buy50,False,0.0,0.005972379948505852,407.6142147999306
2024-08-04 00:00:00+00:00,58161.0,Down,Neutral,Hold,Hold,False,50.0,0.005972379948505852,397.35959018504883
2024-08-11 00:00:00+00:00,58712.59,Down,Cold,Buy50,Buy50,False,25.0,0.006397757197235639,400.62889524084517
2024-08-18 00:00:00+00:00,58427.35,Down,Cold,Buy50,Buy50,False,12.5,0.006611484159009534,398.7914989779057
2024-08-25 00:00:00+00:00,64220.0,Up,Cold,Buy100,Buy100,False,0.0,0.006805932928863162,437.0770126915923
2024-09-01 00:00:00+00:00,57301.86,Down,Cold,Buy50,Buy50,False,25.0,0.007241782655207124,439.9676158591069
2024-09-08 00:00:00+00:00,54869.95,Down,Cold,Buy50,Buy50,False,12.5,0.007469366241487046,422.34375220208216
2024-09-15 00:00:00+00:00,59132.0,Down,Cold,Buy50,Buy50,False,6.25,0.007574956277339039,454.17231459161206
2024-09-22 00:00:00+00:00,63578.76,Up,Neutral,Buy50,Buy50,False,3.125,0.007624058760621191,487.8532021674322
2024-09-29 00:00:00+00:00,65602.01,Up,Neutral,Buy50,Buy50,False,1.5625,0.007647852810529114,503.27701655485896
2024-10-06 00:00:00+00:00,62819.91,Up,Neutral,Buy50,Buy50,False,25.78125,0.008057841757504682,531.974144000686
2024-10-13 00:00:00+00:00,62870.02,Up,Neutral,Buy50,Buy50,False,12.890625,0.008262672841938884,532.3650318261544
2024-10-20 00:00:00+00:00,69031.99,Up,Hot,Hold,Hold,False,12.890625,0.008262672841938884,583.2793739979967
2024-10-27 00:00:00+00:00,68021.7,Up,Hot,Hold,Hold,False,12.890625,0.008262672841938884,574.9316782525142
2024-11-03 00:00:00+00:00,68775.99,Up,Hot,Hold,Hold,False,62.890625,0.008262672841938884,631.1641297504602
2024-11-10 00:00:00+00:00,80370.01,Up,Hot,Hold,Hold,False,62.890625,0.008262672841938884,726.9617239333564
2024-11-17 00:00:00+00:00,89855.99,Up,Hot,Hold,Buy50,True,31.4453125,0.008612275213327815,805.309827946032
2024-11-24 00:00:00+00:00,97900.04,Up,Hot,Hold,Hold,False,31.4453125,0.008612275213327815,874.5874003758015
2024-12-01 00:00:00+00:00,97185.18,Up,Hot,Hold,Hold,False,81.4453125,0.008612275213327815,918.430829316802
2024-12-08 00:00:00+00:00,101109.59,Up,Hot,Hold,Hold,False,81.4453125,0.008612275213327815,952.2289282867379
2024-12-15 00:00:00+00:00,104463.99,Up,Hot,Hold,Hold,False,81.4453125,0.008612275213327815,981.1179442623247
2024-12-22 00:00:00+00:00,95186.27,Up,Neutral,Buy50,Buy50,False,40.72265625,0.009039668088306002,901.174943613879
2024-12-29 00:00:00+00:00,93738.2,Up,Neutral,Buy50,Buy50,False,20.361328125,0.009256665713573769,888.0645101171206
2025-01-05 00:00:00+00:00,98363.61,Up,Neutral,Buy50,Buy50,False,35.1806640625,0.009613967396568501,980.8452036112794
2025-01-12 00:00:00+00:00,94545.06,Up,Neutral,Buy50,Buy50,False,17.59033203125,0.009799833709406198,944.1161980770815
2025-01-19 00:00:00+00:00,101331.57,Up,Neutral,Buy50,Buy50,False,8.795166015625,0.00988654282532742,1010.6140723782883
2025-01-26 00:00:00+00:00,102620.0,Up,Neutral,Buy50,Buy50,False,4.3975830078125,0.009929353051645922,1023.347793167717
2025-02-02 00:00:00+00:00,97700.59,Up,Neutral,Buy50,Buy50,False,27.19879150390625,0.010207463887132201,1024.4740356804157
2025-02-09 00:00:00+00:00,96462.75,Up,Neutral,Buy50,Buy50,False,13.599395751953125,0.010348303707230645,1011.8252291866161
2025-02-16 00:00:00+00:00,96118.12,Up,Neutral,Buy50,Buy50,False,6.7996978759765625,0.010418976106754279,1008.2520935821171
2025-02-23 00:00:00+00:00,96258.0,Up,Neutral,Buy50,Buy50,False,3.3998489379882812,0.010454260956730908,1009.706100110992
2025-03-02 00:00:00+00:00,94270.0,Up,Cold,Buy100,Buy100,False,0.0,0.011020150943885362,1038.869629480073
2025-03-09 00:00:00+00:00,80734.37,Down,Cold,Buy50,Buy50,False,0.0,0.011020150943885362,889.70494375949
2025-03-16 00:00:00+00:00,82574.53,Down,Cold,Buy50,Buy50,False,0.0,0.011020150943885362,909.9837847203901
2025-03-23 00:00:00+00:00,86082.5,Down,Cold,Buy50,Buy50,False,0.0,0.011020150943885362,948.6421436270116
2025-03-30 00:00:00+00:00,82389.99,Down,Cold,Buy50,Buy50,False,0.0,0.011020150943885362,907.9501260652056
2025-04-06 00:00:00+00:00,78430.0,Down,Neutral,Hold,Hold,False,50.0,0.011020150943885362,914.3104385289289
2025-04-13 00:00:00+00:00,83760.0,Down,Neutral,Hold,Hold,False,50.0,0.011020150943885362,973.0478430598379
2025-04-20 00:00:00+00:00,85179.24,Down,Neutral,Hold,Hold,False,50.0,0.011020150943885362,988.6880820854378
2025-04-27 00:00:00+00:00,93749.3,Up,Cold,Buy100,Buy100,False,0.0,0.011552954922155067,1083.081436883592
2025-05-04 00:00:00+00:00,94277.62,Up,Cold,Buy100,Buy100,False,0.0,0.012082773133518484,1139.135094028065
2025-05-11 00:00:00+00:00,104118.0,Up,Neutral,Buy50,Buy50,False,0.0,0.012082773133518484,1258.0341731156775
2025-05-18 00:00:00+00:00,106454.26,Up,Neutral,Buy50,Buy50,False,0.0,0.012082773133518484,1286.2626726765914
2025-05-25 00:00:00+00:00,109004.19,Up,Neutral,Buy50,Buy50,False,0.0,0.012082773133518484,1317.0728983729443
2025-06-01 00:00:00+00:00,105642.93,Up,Neutral,Buy50,Buy50,False,25.0,0.012319182706785716,1326.4345563501738
2025-06-08 00:00:00+00:00,105734.0,Up,Cold,Buy100,Buy100,False,0.0,0.012555388657567867,1327.5314643192808
2025-06-15 00:00:00+00:00,105594.01,Up,Neutral,Buy50,Buy50,False,0.0,0.012555388657567867,1325.7738354611079
2025-06-22 00:00:00+00:00,100963.87,Up,Neutral,Buy50,Buy50,False,0.0,0.012555388657567867,1267.6406282221567
2025-06-29 00:00:00+00:00,108356.93,Up,Cold,Buy100,Buy100,False,0.0,0.012555388657567867,1360.4633698908754
2025-07-06 00:00:00+00:00,109203.84,Up,Neutral,Buy50,Buy50,False,25.0,0.012784089406552518,1421.071654098856
2025-07-13 00:00:00+00:00,119086.64,Up,Neutral,Buy50,Buy50,False,12.5,0.01288895003575492,1547.4017528859333
2025-07-20 00:00:00+00:00,117265.12,Up,Hot,Hold,Hold,False,12.5,0.01288895003575492,1523.924272616805
2025-07-27 00:00:00+00:00,119415.55,Up,Hot,Hold,Hold,False,12.5,0.01288895003575492,1551.6410574421934
2025-08-03 00:00:00+00:00,114208.8,Up,Hot,Hold,Hold,False,62.5,0.01288895003575492,1534.5315168435266
2025-08-10 00:00:00+00:00,119294.01,Up,Hot,Hold,Hold,False,62.5,0.01288895003575492,1600.0745344548477
2025-08-17 00:00:00+00:00,117405.01,Up,Hot,Hold,Buy50,True,31.25,0.013154856490683887,1575.6960578373066
2025-08-24 00:00:00+00:00,113493.59,Up,Neutral,Buy50,Buy50,False,15.625,0.013292391791135658,1524.2262640625158
2025-08-31 00:00:00+00:00,108246.35,Up,Hot,Hold,Hold,False,15.625,0.013292391791135658,1454.4778941603975
2025-09-07 00:00:00+00:00,111137.34,Up,Neutral,Buy50,Buy50,False,32.8125,0.01358733935331413,1542.8732534046526
2025-09-14 00:00:00+00:00,115268.01,Up,Neutral,Buy50,Buy50,False,16.40625,0.013729528359179677,1598.9816622012065
2025-09-21 00:00:00+00:00,115232.29,Up,Neutral,Buy50,Buy50,False,8.203125,0.013800644900168317,1598.4830403232165
2025-09-28 00:00:00+00:00,112163.95,Up,Neutral,Buy50,Buy50,False,4.1015625,0.013837175897315796,1556.133867987734
2025-10-05 00:00:00+00:00,123482.31,Up,Neutral,Buy50,Buy50,False,27.05078125,0.014056022876034854,1762.7209553956272
2025-10-12 00:00:00+00:00,114958.8,Up,Neutral,Buy50,Buy50,False,13.525390625,0.014173559465094368,1642.9007784608905
2025-10-19 00:00:00+00:00,108642.78,Down,Cold,Buy50,Buy50,False,6.7626953125,0.0142357442933654,1553.3735307128525
2025-10-26 00:00:00+00:00,114559.4,Up,Cold,Buy100,Buy100,False,0.0,0.014294717477732527,1637.5942574185517
2025-11-02 00:00:00+00:00,110540.68,Down,Neutral,Hold,Hold,False,50.0,0.014294717477732527,1630.1477903964383
2025-11-09 00:00:00+00:00,104722.96,Down,Neutral,Hold,Hold,False,50.0,0.014294717477732527,1546.9851266318844
2025-11-16 00:00:00+00:00,94261.44,Down,Neutral,Hold,Hold,False,50.0,0.014294717477732527,1397.440653844236
2025-11-23 00:00:00+00:00,86830.0,Down,Hot,Sell50,Sell50,False,669.9845541364618,0.007147358738866264,1290.5897134322195
2025-11-30 00:00:00+00:00,90360.0,Down,Cold,Buy50,Buy50,False,334.9922770682309,0.010850958614819812,1315.4848975033492
2025-12-07 00:00:00+00:00,90395.31,Down,Cold,Buy50,Buy50,False,192.49613853411546,0.012978321664911474,1365.6755487135042
2025-12-14 00:00:00+00:00,88172.17,Down,Neutral,Hold,Hold,False,192.49613853411546,0.012978321664911474,1336.822922687373
2025-12-21 00:00:00+00:00,88658.86,Down,Neutral,Hold,Hold,False,192.49613853411546,0.012978321664911474,1343.1393420584689
2025-12-28 00:00:00+00:00,87952.71,Down,Neutral,Hold,Hold,False,192.49613853411546,0.012978321664911474,1333.9747002147917
2026-01-04 00:00:00+00:00,91529.73,Down,Neutral,Hold,Hold,False,242.49613853411546,0.012978321664911474,1430.398416376613
2026-01-11 00:00:00+00:00,91013.65,Down,Neutral,Hold,Buy50,True,121.24806926705773,0.014309186004467032,1423.5793160625185
2026-01-18 00:00:00+00:00,93673.14,Down,Cold,Buy50,Buy50,False,60.624034633528865,0.014955725776688774,1461.5738291149053
2026-01-25 00:00:00+00:00,86670.36,Down,Neutral,Hold,Hold,False,60.624034633528865,0.014955725776688774,1356.8421717604247
2026-02-01 00:00:00+00:00,76968.21,Down,Neutral,Hold,Hold,False,110.62403463352886,0.014955725776688774,1261.7394769161237
2026-02-08 00:00:00+00:00,70330.38,Down,Cold,Buy50,Buy50,False,55.31201731676443,0.015741399127230143,1162.410599666529
2026-02-15 00:00:00+00:00,68832.58,Down,Cold,Buy50,Buy50,False,27.656008658382216,0.016142783946013976,1138.805476045105
2026-02-22 00:00:00+00:00,67643.4,Down,Cold,Buy50,Buy50,False,13.828004329191108,0.01634700455474834,1119.594972227855
2026-03-01 00:00:00+00:00,65776.47,Down,Cold,Buy50,Buy50,False,31.914002164595555,0.01683170809938111,1139.0443450122941
2026-03-08 00:00:00+00:00,65971.2,Down,Cold,Buy50,Buy50,False,15.957001082297777,0.017073344511652152,1142.306026529404
2026-03-15 00:00:00+00:00,72815.24,Down,Cold,Buy50,Buy50,False,7.978500541148889,0.0171828067896122,1259.1487008003908
2026-03-22 00:00:00+00:00,67859.0,Down,Cold,Buy50,Buy50,False,3.9892502705744444,0.017241535344708854,1173.9825972271726
2026-03-29 00:00:00+00:00,66010.93,Down,Cold,Buy50,Buy50,False,1.9946251352872222,0.01727172171702859,1142.1170383775411
2026-04-05 00:00:00+00:00,69034.18,Down,Neutral,Hold,Hold,False,51.99462513528722,0.01727172171702859,1244.3337710585477
2026-04-12 00:00:00+00:00,70740.98,Down,Neutral,Hold,Hold,False,51.99462513528722,0.01727172171702859,1273.8131456851722
2026-04-19 00:00:00+00:00,73801.79,Down,Cold,Buy50,Buy50,False,25.99731256764361,0.01762362802248644,1326.6526069213028
2026-04-26 00:00:00+00:00,78657.55,Up,Cold,Buy100,Buy100,False,0.0,0.017953810125222614,1412.2027176152042
